Year,Day,Control,Heating,eCO2,Heating_eCO2
2007,1,4.146156667,37.074918,15.841554,1.785505333
2007,2,2.377903333,35.509392,13.90178333,1.065926
2007,3,2.49643,20.681,9.756766,1.491853333
2007,4,2.524464,13.28737333,10.09525267,3.62672
2007,5,2.572631333,10.31877,10.40016933,4.946654667
2007,6,3.86079,9.236888,11.037256,7.402224667
2007,7,6.103005333,8.169712,12.77160267,12.59767133
2007,8,3.781894,8.104527333,12.791924,13.34703067
2007,9,3.913737333,11.42607667,14.93245267,13.51249
2007,10,3.253712,16.40684467,17.44983733,12.21126133
2007,11,8.95024,27.01632467,27.357324,19.27305533
2007,12,11.080866,32.646622,36.86160533,31.03216267
2007,13,10.079128,28.59396133,30.02837333,24.50904733
2007,14,12.372556,28.72910467,27.440462,25.66310867
2007,15,11.45931,40.801412,35.55815933,19.728288
2007,16,12.35197933,37.90934733,35.62621733,30.9471
2007,17,15.133984,41.31879067,40.49577933,41.45226067
2007,18,13.54361,44.31181867,33.563282,23.79019467
2007,19,19.298136,45.32742933,32.49065667,27.23001133
2007,20,18.00164867,46.99469067,41.341158,41.72368467
2007,21,7.763042667,30.669714,28.06014267,25.23441067
2007,22,14.67584667,38.77793733,35.01155533,45.26123733
2007,23,15.66314933,49.83148933,40.23031,35.48608267
2007,24,3.222145333,46.564548,27.90351933,10.79854067
2007,25,26.95455333,55.025534,50.11374867,47.831742
2007,26,18.717632,54.90937133,48.763096,32.76659267
2007,27,9.40152,41.96628867,32.71318667,24.610708
2007,28,21.66119,65.09988933,57.13113333,39.25275467
2007,29,13.82928267,117.476226,65.70705933,13.001894
2007,30,22.08973133,81.44491333,56.11396467,32.653634
2007,31,17.22846533,68.357444,42.45341267,20.261938
2007,32,11.31324133,63.31815133,34.03416,18.21673067
2007,33,17.45538867,66.244054,40.70437733,34.51136733
2007,34,19.45242933,61.87047467,36.75016667,27.06404067
2007,35,18.541156,37.26061067,25.34900067,40.541616
2007,36,15.14506333,37.67972733,24.391824,23.79630533
2007,37,2.904888667,90.80651,23.561184,5.083924667
2007,38,4.090510667,163.5679573,33.550856,5.020794
2007,39,4.383138,113.1783987,26.79060267,3.69847
2007,40,10.47484467,44.55166067,21.72691667,11.85098
2007,41,5.928690667,44.26900933,14.89753267,3.875426
2007,42,8.701854,46.43227867,17.08190333,8.053197333
2007,43,9.779707333,35.224472,16.47396133,12.11150733
2007,44,5.732792667,26.10646267,12.43623667,8.168916667
2007,45,13.81630533,33.43612333,18.39891133,20.58508267
2007,46,19.99945667,50.094042,28.78189,26.173482
2007,47,11.66729533,38.608852,21.446972,13.20086733
2007,48,19.17398267,37.45904867,26.54036867,34.767866
2007,49,32.32979867,43.39403133,40.40793333,62.731376
2007,50,35.08728067,53.84418333,37.37360267,48.414824
2007,51,38.00443333,62.69239067,45.066718,60.21087667
2007,52,36.570004,83.78521267,49.40880133,47.03075467
2007,53,32.49028067,77.437092,49.30208467,37.32466733
2007,54,15.14733667,59.16565,34.34116467,36.885752
2007,55,19.79693933,89.427034,50.47803667,27.83730533
2007,56,44.207724,77.69849067,57.486558,57.67880933
2007,57,31.92577133,79.81294067,51.24371,42.51795733
2007,58,39.81637133,99.62937667,59.00301333,41.776382
2007,59,51.64289467,110.4379447,78.77181267,65.53625867
2007,60,51.15675067,92.14478933,76.32915933,68.07371
2007,61,42.70517,69.83475067,57.049016,77.11411533
2007,62,59.91343133,82.15952067,71.25904067,115.6314567
2007,63,70.4717,103.2656573,88.37261067,116.0020173
2007,64,78.82648067,115.94401,96.06883,119.817578
2007,65,50.838176,125.2920627,76.620052,66.74522
2007,66,54.71380733,129.940324,77.21874467,53.30641533
2007,67,65.20402933,189.996238,101.3443567,41.58358533
2007,68,44.57242267,142.1340507,79.148878,56.78123667
2007,69,61.37902333,156.5068713,95.66713133,72.74253467
2007,70,55.39589067,126.2218867,84.220468,59.11393867
2007,71,60.79231067,106.1238567,78.58205133,78.42766333
2007,72,70.12993267,104.3543147,90.126472,117.3492627
2007,73,75.98072467,98.29543733,86.35434867,130.282266
2007,74,72.17765533,107.0334107,85.26579467,131.5531267
2007,75,80.93924467,117.6611887,90.565014,132.0486013
2007,76,124.0407567,177.1521333,136.2747327,169.507554
2007,77,138.009386,182.5734133,149.4378167,174.5692493
2007,78,95.23776533,143.295318,106.891496,117.511802
2007,79,103.8499993,160.5252607,125.123092,126.0825213
2007,80,97.93595333,144.335658,116.2465587,112.2321207
2007,81,91.80935067,140.447808,119.6668887,124.1496787
2007,82,96.49570667,134.796386,127.5238087,100.986212
2007,83,70.47903533,131.6055107,97.04643867,72.64380933
2007,84,105.287458,152.42313,126.114004,113.2635373
2007,85,102.2951373,148.036838,133.0931347,110.0102827
2007,86,74.92537267,129.3220287,113.5338247,67.24407333
2007,87,62.283292,113.3556727,101.6241807,70.289804
2007,88,65.15334,106.572046,117.5744827,85.621246
2007,89,58.39265533,80.06791867,105.4908107,82.42142
2007,90,31.00659,49.83610267,56.763382,49.579026
2007,91,85.59445133,89.528844,114.366892,100.4592193
2007,92,65.05152667,88.53809733,105.9644993,77.43271467
2007,93,53.720002,89.109228,111.118566,62.816868
2007,94,64.33437067,99.18202067,132.8874,77.55694
2007,95,76.43775733,103.2948033,146.8882673,71.46057067
2007,96,61.92333133,83.67522067,132.4945347,73.265528
2007,97,49.69254733,67.969426,123.5110913,87.5503
2007,98,62.052824,79.31577267,131.3160127,87.103508
2007,99,47.39399467,90.12233,110.3424567,54.720258
2007,100,82.78630333,94.499626,147.904824,95.44211667
2007,101,56.39405533,86.162988,153.7635727,66.79098933
2007,102,34.30156133,67.210006,106.4612567,41.16315533
2007,103,31.43195867,57.51630267,98.45030533,47.321022
2007,104,35.15512133,40.59539467,65.70383867,44.18935267
2007,105,60.575754,48.67995467,86.113824,70.197144
2007,106,48.410884,59.273274,120.741686,79.98656467
2007,107,38.21954067,51.697732,87.421638,46.06048133
2007,108,31.63114267,37.09622267,61.61903067,35.48615333
2007,109,31.43206333,36.36377733,71.66154933,36.96719
2007,110,82.78946333,42.450894,75.01438467,49.58735
2007,111,42.29386667,35.27399067,63.96828533,52.435418
2007,112,21.58532267,29.037922,51.41878,33.962358
2007,113,22.08815333,21.84855,35.34821267,22.93598467
2007,114,30.95760467,24.74545067,31.41973267,32.90639
2007,115,55.832034,45.91034867,45.765926,48.08579733
2007,116,36.21036067,36.78261133,34.880858,33.929052
2007,117,29.57368733,34.00719467,32.29420333,32.58934
2007,118,52.195938,35.922556,37.30714133,34.344534
2007,119,42.19484533,35.53126333,43.115326,35.389826
2007,120,30.401528,35.07229733,51.56920867,43.47731933
2007,121,46.92936267,56.51786933,92.42896533,59.57219933
2007,122,28.97034067,34.133966,59.82573333,38.92622667
2007,123,21.80704,32.20049667,52.61476667,30.160486
2007,124,18.76168867,31.33363333,50.403258,34.805572
2007,125,30.63545067,33.733746,57.63377933,60.30955267
2007,126,24.98946533,29.96349667,50.00949,62.44510067
2007,127,35.71587933,27.44064533,54.22658667,71.68778333
2007,128,26.60674933,25.18486,42.20907333,47.36215
2007,129,15.15893267,16.71046533,30.04422467,32.77744467
2007,130,28.28603267,26.451022,29.42299733,33.88639067
2007,131,51.30544267,54.81546733,43.77121267,56.92955933
2007,132,73.76246933,62.647724,67.57895533,83.190822
2007,133,51.96385867,51.00755733,52.27185933,59.720218
2007,134,44.43092667,40.09683067,56.86077867,66.08333733
2007,135,65.89533533,37.89392067,69.93690667,55.51544133
2007,136,60.330542,43.52833933,80.71194533,55.27576933
2007,137,36.56508067,54.02494733,96.61206133,60.71846667
2007,138,22.248534,38.48515533,69.84211733,46.589314
2007,139,15.868848,29.11851333,51.20848333,44.20994
2007,140,13.56028467,28.01403667,42.83493067,44.847866
2007,141,21.18788667,27.63095733,43.68106867,64.587476
2007,142,22.585766,27.94394133,44.85742267,69.248826
2007,143,14.52323933,23.081098,38.87727267,62.64162067
2007,144,11.44798933,16.02980867,24.03656,41.752956
2007,145,17.16100733,16.615438,25.903286,39.50868333
2007,146,14.74198,18.443304,32.748132,44.95394133
2007,147,8.653244,18.47710533,25.60759267,39.86214533
2007,148,50.534476,36.542942,41.51485067,75.95623933
2007,149,31.42828267,42.76834533,34.352124,69.41489867
2007,150,67.53508733,74.70261667,49.32714733,77.70879267
2007,151,88.12127133,86.10418867,70.193348,95.26438467
2007,152,98.25848667,75.63103133,86.595816,101.811966
2007,153,98.923664,76.75610933,91.62598133,81.333358
2007,154,82.49114067,72.54094467,87.20591,81.139506
2007,155,92.67783067,77.887888,81.95629733,92.30406133
2007,156,107.5492313,66.74054533,85.94273733,96.83440533
2007,157,117.9596193,62.11269533,96.74668067,102.9549547
2007,158,120.040936,57.605754,93.68121133,107.6283233
2007,159,107.4824227,46.99028933,70.07242667,91.36189333
2007,160,134.231348,77.143046,103.3520567,124.8238873
2007,161,166.4059667,88.45881467,150.0094473,137.2572187
2007,162,99.48363267,73.93582267,108.2821267,139.0752513
2007,163,124.5437493,79.20402667,104.8219,147.107002
2007,164,128.320606,86.118992,103.5702513,131.0760413
2007,165,102.057826,86.35096133,93.26145,127.0064693
2007,166,74.94478667,64.747868,73.75021267,112.8021747
2007,167,80.77228,54.07325867,61.07941333,108.176592
2007,168,94.2078,55.10005667,61.863844,106.7692467
2007,169,123.9720447,69.98804133,86.583232,117.839644
2007,170,87.61694,55.16429733,67.78889267,98.59049467
2007,171,103.5856727,52.42400867,77.62172733,106.1896773
2007,172,105.7984233,48.72879733,83.92534267,109.1782893
2007,173,105.9302547,53.84081667,96.71351,105.7005833
2007,174,65.04179133,58.12180267,90.10488933,88.75322533
2007,175,76.11201467,63.319518,83.05213133,69.97630933
2007,176,77.235378,78.96070067,79.72783867,89.54154733
2007,177,99.58357467,108.827686,108.5741747,122.6611047
2007,178,109.1013067,107.6521907,117.9377727,113.857462
2007,179,95.73713467,79.65230867,95.079742,77.64701067
2007,180,76.74748,69.602082,66.5289,50.76387733
2007,181,89.46940133,94.3103,90.43933733,69.66377933
2007,182,107.9838233,121.74963,96.90802667,100.361792
2007,183,115.9444707,135.2441333,135.8579333,114.1274553
2007,184,94.69714133,87.63829,107.0282107,93.15584533
2007,185,87.580994,59.78605533,81.93128133,79.02593933
2007,186,76.409634,68.686462,77.771296,73.56545067
2007,187,81.97633867,84.467704,94.17821067,97.906166
2007,188,91.421642,104.9482373,121.0823213,121.9325953
2007,189,77.52785067,77.10287333,87.27030933,99.79548333
2007,190,95.12741467,73.554688,85.026564,121.3671287
2007,191,112.0714213,106.9641553,125.41339,140.8463253
2007,192,112.6565993,113.087094,124.0419113,120.5994253
2007,193,39.689418,85.02329667,54.59792867,46.96781
2007,194,95.79878333,114.0179127,142.6035987,102.0795707
2007,195,76.04376067,111.9429807,147.436266,78.22469933
2007,196,52.21217,99.71645,131.73567,72.51190133
2007,197,48.001428,83.89981333,93.45710533,51.43720867
2007,198,47.987264,75.40416867,87.15755533,60.99391467
2007,199,40.54914333,76.62193867,127.647996,84.75003733
2007,200,27.28799267,50.27376733,83.92308667,62.99537467
2007,201,34.34184067,45.229186,63.55731267,55.70860933
2007,202,59.04162867,58.08724133,100.3088113,76.44280867
2007,203,48.57225467,57.28349067,98.586462,70.14751267
2007,204,29.787452,54.92470133,113.689466,82.41823467
2007,205,41.21013133,45.119134,90.455596,59.320944
2007,206,26.160802,37.50333333,79.06989467,44.77267333
2007,207,14.55505267,26.645712,44.11474067,44.52293333
2007,208,16.070582,38.20209733,53.80483933,35.272012
2007,209,40.77161267,58.559994,100.4029113,61.94593733
2007,210,31.81715667,51.98593,100.079272,45.519198
2007,211,20.19892067,42.61639867,68.12611467,23.70772267
2007,212,11.438774,35.714022,63.27156133,26.76990133
2007,213,14.14999867,37.69918933,70.373214,30.60467733
2007,214,15.84454533,34.24320933,62.97893867,34.399388
2007,215,10.393156,32.83838867,69.35131067,41.72825933
2007,216,18.12428267,35.30794267,55.09184533,29.681942
2007,217,10.789366,31.79793333,50.522742,26.185972
2007,218,12.840456,30.54218667,50.107168,29.36469333
2007,219,8.606038,28.94887,51.06971533,25.89115333
2007,220,8.902564667,24.60607667,43.97500867,27.439384
2007,221,13.341036,28.30897,40.879512,22.855494
2007,222,13.21059867,28.572232,47.23762733,27.61221533
2007,223,7.894224667,24.81305067,42.00428733,23.38750533
2007,224,7.112519333,22.62632867,33.604528,18.50311733
2007,225,6.010543333,20.38807533,33.574592,18.24254733
2007,226,4.567502,19.067168,32.87189333,16.17761467
2007,227,2.634478,15.152484,27.392826,17.69701933
2007,228,5.03047,35.15856067,36.70649,15.64215867
2007,229,16.64574333,45.43414933,47.44655,30.866924
2007,230,17.03774133,49.842124,50.45435067,29.09753733
2007,231,10.61355933,45.95201733,40.14611267,19.89712333
2007,232,13.05794467,56.92704267,42.76607933,17.19120267
2007,233,19.13817667,53.749464,54.24853333,36.54183933
2007,234,14.43603533,38.92466533,41.98327,32.06825533
2007,235,8.213019333,44.47114667,30.642164,11.42032467
2007,236,18.60775933,61.84395,39.40430467,26.49921667
2007,237,18.936702,51.257752,40.145122,29.15565933
2007,238,14.49511533,42.879422,35.17772267,27.32854067
2007,239,20.45399333,52.17784733,35.42680133,30.53070067
2007,240,10.54350467,47.22226333,26.419816,12.724618
2007,241,15.230854,36.466186,26.810504,27.83138533
2007,242,21.92397067,45.95207,37.79037733,53.77705867
2007,243,20.31006267,54.08237333,35.07771267,34.19926267
2007,244,18.69880133,50.88746267,27.65444867,23.22363667
2007,245,20.84714533,64.51700533,30.49048933,15.41663933
2008,1,12.57628133,35.09644333,29.60064,26.658694
2008,2,4.375534667,43.91612867,25.35737333,4.574330667
2008,3,10.03969,39.15503467,23.42840533,15.18576533
2008,4,9.481218,46.67308133,24.61175067,11.46128467
2008,5,3.473746,65.04055667,25.35855067,1.947539333
2008,6,4.751222667,73.63301267,23.01466,4.539526
2008,7,5.61474,48.56705467,18.442244,4.046656667
2008,8,4.214077333,25.14375733,12.12503133,3.418091333
2008,9,4.850998,22.75651467,12.302082,6.434384
2008,10,10.00295133,28.268402,16.85972467,11.927026
2008,11,10.50707533,18.48743467,15.89919333,15.66798467
2008,12,7.048971333,18.91803933,12.06785867,11.784658
2008,13,7.337850667,28.66836867,15.85349733,11.727618
2008,14,10.42359,40.82071467,20.17840067,14.889748
2008,15,8.510277333,40.99768667,20.68097133,9.039896
2008,16,3.851512667,44.328984,17.14976133,5.628368667
2008,17,5.549346667,51.65914267,20.912144,5.996534667
2008,18,10.41682533,54.83003133,21.305938,8.256260667
2008,19,11.107448,36.16262,18.458828,11.839212
2008,20,11.991734,30.24270267,17.787812,13.733604
2008,21,11.77781333,30.71349533,18.44911333,15.10105733
2008,22,12.61164333,45.008896,22.90922,12.650152
2008,23,14.444236,42.27184067,22.02419267,18.81656333
2008,24,14.69541933,39.51240533,21.60253733,19.87848533
2008,25,8.932926,39.736162,18.692688,8.716555333
2008,26,18.80262533,46.14389067,24.67323533,24.07124667
2008,27,17.42081067,45.50759533,24.269008,14.20831667
2008,28,15.135606,35.60135667,19.37874133,13.78582867
2008,29,20.367712,37.83318267,22.72680467,26.784722
2008,30,8.371288667,69.30743733,27.101796,3.410270667
2008,31,11.833146,78.397842,27.33705733,5.838746
2008,32,10.28884333,84.44088533,27.96496867,5.393473333
2008,33,11.339178,42.05079867,19.127414,9.559928667
2008,34,5.47927,36.287758,14.24493533,4.413388
2008,35,12.99505733,45.03790867,18.95746133,12.27471267
2008,36,15.64424333,36.99253933,19.80750933,16.61463933
2008,37,12.08222733,28.03914667,15.16881733,12.03814333
2008,38,6.026644,33.41128333,15.74717733,8.295205333
2008,39,16.460486,49.58188867,26.27195933,16.95794933
2008,40,6.113551333,42.97835533,20.33137,9.929167333
2008,41,8.941371333,58.50269333,25.90253867,6.664536
2008,42,17.03439133,68.631902,30.95148667,9.676173333
2008,43,11.90398267,53.25718933,24.92051333,8.489562667
2008,44,18.67674867,44.178026,27.45785,21.21948
2008,45,24.62815933,50.62094267,37.130132,29.76305867
2008,46,28.765794,46.86502867,37.861876,29.52183
2008,47,19.687076,42.61606333,23.04681533,17.698468
2008,48,30.16659733,50.99062867,31.138766,36.90975133
2008,49,39.22875933,53.12861133,39.42106333,53.94944333
2008,50,28.035526,58.723706,36.02681667,34.68584267
2008,51,35.73462333,82.68231933,35.70350067,30.38523067
2008,52,30.35533933,93.476432,35.82711067,16.57743467
2008,53,44.86394933,71.73710533,38.627924,42.21111933
2008,54,39.78882733,56.83128267,44.01356467,54.19475867
2008,55,25.82879533,62.03651467,32.47664467,28.987082
2008,56,39.520022,100.8744347,42.995534,29.060582
2008,57,50.59536267,124.054282,59.11152133,25.200456
2008,58,39.03753667,75.82245067,41.136328,31.316622
2008,59,31.02259,69.94991733,39.43031,38.44994
2008,60,32.45057267,80.15040533,44.39169333,27.97761667
2008,61,35.73402333,63.68633467,39.256748,29.18107933
2008,62,23.10779467,51.47233333,34.57716067,22.34006133
2008,63,29.182224,66.12454733,47.50490133,26.60637267
2008,64,38.09825467,61.161264,46.29476067,45.94706133
2008,65,29.08027533,63.66373067,41.9195,26.26166533
2008,66,31.73451333,69.533608,46.954602,23.189308
2008,67,43.600496,63.254848,52.88721533,32.31196733
2008,68,38.90824333,36.381,47.48920733,42.74449467
2008,69,38.31793533,35.893402,52.66834133,60.63883067
2008,70,40.66812067,46.516278,67.02463267,60.54010667
2008,71,49.9927,74.15518733,82.095782,43.69418733
2008,72,54.17308,77.30785067,96.68071333,55.648604
2008,73,36.21757533,59.125584,68.16038133,30.40563533
2008,74,25.686054,62.427108,65.80472733,23.169486
2008,75,35.86359933,62.30176533,81.10776933,48.238164
2008,76,30.67123667,50.06987667,67.24951133,30.844986
2008,77,29.370924,42.07608267,68.74813133,44.96352067
2008,78,40.96711533,52.327024,84.87861133,46.001854
2008,79,42.71155867,46.07006133,79.05181667,39.345434
2008,80,41.83613667,34.73196867,76.412,53.17659
2008,81,42.496236,37.787818,70.074144,48.116924
2008,82,47.94611933,37.93081533,87.83752333,64.35574533
2008,83,28.63206133,34.33173933,61.98146867,39.71076
2008,84,77.48571667,67.228616,82.87761467,67.294136
2008,85,86.109194,96.23488733,94.12951,65.58261333
2008,86,63.699826,85.83184067,78.606246,41.17104
2008,87,28.27108867,77.04878,58.54573133,29.26641333
2008,88,46.63538933,108.354496,79.74694,36.62769933
2008,89,51.382842,85.175614,82.47797333,51.31627
2008,90,63.73390333,91.51639267,105.664164,72.61874667
2008,91,62.652248,107.593734,98.34814067,65.83976067
2008,92,72.00483,112.0485693,100.271096,84.4674
2008,93,94.56371733,111.6910127,132.367042,100.4964247
2008,94,91.291052,98.903568,126.1077093,112.4486007
2008,95,101.0762473,133.3896747,121.1972773,121.1988407
2008,96,95.09993533,102.0458853,79.36962267,88.04241267
2008,97,109.459576,127.2384233,96.08828933,107.6506347
2008,98,157.2809,183.617678,172.735744,167.2313753
2008,99,125.9679567,169.5706107,157.1426207,137.6438267
2008,100,101.5602087,169.7041187,152.5273193,128.3956773
2008,101,117.2819973,189.0246873,175.4471433,155.4408853
2008,102,126.2466593,185.4491233,181.2262407,157.1432287
2008,103,68.92932667,155.633532,107.2235193,110.2058927
2008,104,83.80570467,178.912532,130.7009813,162.297642
2008,105,103.7484113,186.4226947,144.324958,152.93181
2008,106,99.02097133,163.1376653,127.3806913,122.5358887
2008,107,87.205918,150.965238,109.529722,106.47787
2008,108,96.770888,141.062982,107.7123827,115.8941353
2008,109,145.81928,164.7734573,161.9316753,179.668946
2008,110,110.9503393,116.8315047,104.522008,127.9835907
2008,111,139.3594433,121.350314,121.6674007,151.855406
2008,112,146.8384847,114.3913133,120.1569633,140.7842447
2008,113,151.58683,101.7096393,137.597468,153.7873927
2008,114,97.13983867,72.88873333,111.1867647,110.0417407
2008,115,99.64002133,75.83487533,99.09898933,110.3872767
2008,116,107.8178233,74.400244,120.89282,128.133642
2008,117,93.03071733,69.366568,102.9825093,107.1245153
2008,118,81.261074,63.36342333,113.8860027,115.493336
2008,119,110.5661447,67.97400733,119.8824147,126.0662293
2008,120,114.2029627,63.911776,116.5545347,101.7211947
2008,121,96.66021133,64.01969,122.505334,116.8271593
2008,122,51.638608,51.407246,104.2687267,90.11032267
2008,123,36.47889067,39.371516,83.31486467,45.55986467
2008,124,33.869034,33.23881467,64.963428,47.44535533
2008,125,57.84504133,42.68850467,80.52328667,66.96212733
2008,126,28.98611,45.735436,85.35166667,79.30292533
2008,127,20.26087933,31.32828467,66.29463333,48.98333333
2008,128,29.86858467,21.19444667,48.09467267,45.03054667
2008,129,37.73103467,23.97247933,61.79515333,45.08820533
2008,130,40.51836267,27.493268,72.616286,52.27882733
2008,131,27.82535933,31.59223067,83.19553733,68.48370933
2008,132,15.342942,23.611192,59.38876933,39.48130667
2008,133,19.300708,16.081896,39.24902867,20.18543333
2008,134,36.818612,23.83756267,49.26006867,31.5807
2008,135,17.570918,24.18215667,58.852262,36.044254
2008,136,11.73006067,15.626106,38.00851333,25.03658467
2008,137,7.852366667,15.27081,29.166086,20.028976
2008,138,7.344217333,12.87500067,24.492782,15.43405267
2008,139,21.59724667,14.60235867,23.48808733,14.98227067
2008,140,9.319197333,17.06714667,33.188104,23.718814
2008,141,8.059685333,15.82178733,32.29961467,21.184844
2008,142,6.059026667,9.824250667,18.298688,13.84674
2008,143,7.664108667,9.64638,17.113454,13.979076
2008,144,6.981506,11.512172,21.70233533,15.02491533
2008,145,9.239655333,11.35414533,26.20980867,21.64587733
2008,146,9.487574667,12.03580667,30.46572133,24.85140933
2008,147,17.01865533,13.57519667,30.482996,22.800934
2008,148,14.120128,14.23409867,30.18994,17.57946867
2008,149,10.33792667,11.84809733,33.68826067,19.3262
2008,150,13.28876133,13.064866,35.059066,20.799632
2008,151,10.79242267,10.551248,28.14651067,18.770932
2008,152,7.983026,12.82520067,30.47363867,17.58752267
2008,153,10.009826,12.288538,22.068204,15.22244333
2008,154,4.417614667,10.80000467,18.45185933,15.353972
2008,155,5.308592,7.615160667,12.292756,11.94704267
2008,156,8.634192,7.512872667,10.39496667,12.71189467
2008,157,11.58400267,10.366772,14.227842,14.538254
2008,158,24.65043667,24.43788,21.85643467,23.11112867
2008,159,58.24687,56.78715067,18.93559667,41.79433667
2008,160,76.27730267,84.63916733,31.55444067,57.07816067
2008,161,78.905658,84.12358867,36.34180733,49.967272
2008,162,92.519832,90.87136933,60.989264,69.31694333
2008,163,78.77440733,72.36417133,62.663034,65.98886533
2008,164,105.2408427,91.11575467,95.13328867,101.559728
2008,165,117.9145353,79.43131667,117.9157967,116.8515767
2008,166,109.0001427,88.503204,114.7300047,107.705836
2008,167,98.56512667,101.8828007,95.16295333,93.24430533
2008,168,69.48848467,57.530892,43.84680267,46.893438
2008,169,99.56026267,81.13617333,62.31955533,67.74770133
2008,170,106.718126,111.7868933,112.951676,101.7533347
2008,171,127.976672,132.991778,159.1027387,121.4165113
2008,172,133.434744,145.6863153,148.5992547,106.652148
2008,173,138.1206127,144.1528227,138.6642607,133.927792
2008,174,175.677764,172.5175827,198.2960993,181.4216227
2008,175,147.802594,152.1106453,157.11446,158.181602
2008,176,137.0083507,153.5259833,131.5976213,124.6512753
2008,177,161.7544153,130.2107747,114.8354433,120.3777507
2008,178,155.2245453,99.88702267,106.5681247,131.7897633
2008,179,188.9281167,109.1333607,127.225774,154.3259153
2008,180,166.3853033,131.27437,127.5408827,180.704418
2008,181,155.8783433,158.3808293,147.5514713,186.5413653
2008,182,168.1631387,154.0313833,146.0454207,163.5304873
2008,183,159.289006,118.1214773,122.5108787,143.1223207
2008,184,160.6995027,114.9541793,121.8469373,143.9648453
2008,185,168.7530927,115.3726333,110.8620507,137.7128387
2008,186,172.768478,142.6765527,142.8556787,155.435242
2008,187,199.101976,148.0482147,139.4947207,133.0904433
2008,188,128.0989447,113.1686453,122.1512153,113.2693213
2008,189,103.40992,110.518866,82.876602,73.95134733
2008,190,116.001834,120.1928327,115.1690653,95.24204933
2008,191,103.9172293,119.4297687,104.324896,80.46175467
2008,192,67.77332933,103.829354,81.478526,53.762066
2008,193,85.43890733,116.3107213,140.1639047,89.26227667
2008,194,75.28846933,103.739652,118.4602333,74.82111533
2008,195,46.92988467,75.69504,63.42381467,44.338688
2008,196,67.90879533,92.193138,67.925564,49.44957133
2008,197,99.193126,116.7912613,153.33976,113.034016
2008,198,85.39691533,99.98994467,125.9290927,99.615386
2008,199,88.85509133,135.544194,147.456752,105.9138813
2008,200,101.79056,143.7991547,153.571814,89.976924
2008,201,86.52531267,125.29688,134.66758,88.40187733
2008,202,83.457432,121.1445067,126.1942447,98.03785867
2008,203,84.60476133,124.3093827,116.6570913,92.359208
2008,204,88.697908,117.7191833,113.271738,95.46862067
2008,205,79.88804067,102.4601167,92.633504,79.09215533
2008,206,83.69854333,106.1224313,103.409772,85.13424067
2008,207,108.800722,118.758658,125.4358593,104.158454
2008,208,102.4841993,110.7118907,127.05665,99.59012933
2008,209,95.68429,102.3881233,135.2428807,99.79829267
2008,210,56.47956667,72.266516,107.3557693,89.782658
2008,211,81.38972333,77.690348,102.271362,91.66729467
2008,212,88.751912,79.87970067,126.8381927,105.769746
2008,213,84.11770533,71.24470667,101.5094933,85.76603867
2008,214,72.71938,64.90439867,119.4875533,100.9633113
2008,215,60.57024467,65.29543867,105.899348,64.723754
2008,216,44.982956,47.390122,78.56380333,47.67398133
2008,217,43.418614,49.52503267,86.78172267,57.18216
2008,218,38.51583667,44.573538,80.46167733,56.307122
2008,219,30.49817933,37.88101,64.72589267,46.230828
2008,220,40.97224733,51.01949267,86.35466,54.28174133
2008,221,39.04818733,50.817408,95.90169467,56.78811
2008,222,31.70178067,44.08783933,89.22350533,45.342686
2008,223,12.537004,37.12718133,54.264088,22.14696267
2008,224,14.16097,56.56095867,58.871996,24.73868133
2008,225,3.326352,48.73114,39.36664467,13.07098133
2008,226,6.627459333,42.47831333,41.72602667,14.45456867
2008,227,11.16309133,55.35032467,51.95010867,16.46408133
2008,228,9.268440667,48.69872467,46.519396,14.59536533
2008,229,8.90426,38.65973867,39.35503,14.63461533
2008,230,8.78414,31.31932,42.89313867,23.663614
2008,231,10.40197,26.70424667,44.85224333,30.06001267
2008,232,8.903024,22.505022,42.975672,30.04995933
2008,233,13.03444933,22.381406,38.51464667,31.785602
2008,234,2.820024,20.54560267,25.818756,14.55588733
2008,235,4.629673333,27.73848467,34.798396,19.698742
2008,236,8.609226667,52.610518,51.273572,15.070236
2008,237,13.17192067,50.46308533,50.07852533,18.251752
2008,238,8.944450667,38.464832,40.23332133,14.78294733
2008,239,8.317149333,32.21312867,37.59668267,15.36793133
2008,240,6.803805333,35.187204,35.35628733,10.92293267
2008,241,8.762967333,30.69221267,37.16121667,21.119208
2008,242,9.242898667,19.470758,37.26918867,34.311746
2008,243,5.158378667,15.18221267,27.30633867,17.211434
2008,244,7.879356,18.33619333,25.89831933,20.23154267
2008,245,7.446821333,22.333888,36.55111867,20.537826
2009,1,4.625918,24.74247333,17.755072,9.789760667
2009,2,4.958162,20.80112,18.352778,11.57125667
2009,3,6.432020667,18.65243267,15.51702733,10.91446
2009,4,11.748804,19.19898133,17.58742867,19.70000533
2009,5,11.59598267,16.54685067,15.64287133,13.06123133
2009,6,9.651552,16.48213667,14.52595333,12.88752867
2009,7,6.456924667,31.289468,19.34121867,9.677206
2009,8,10.71295133,36.744498,20.62537733,9.331452
2009,9,3.834554,55.978156,19.17661733,2.764984
2009,10,3.630236,90.32313533,25.97994133,1.548375333
2009,11,4.280585333,43.71708733,13.876912,3.4083
2009,12,2.529167333,22.65437267,8.63038,2.425047333
2009,13,3.206122667,20.55717,7.422878,3.783613333
2009,14,5.041257333,17.81856533,8.924144,6.878052667
2009,15,4.537772667,11.43888533,6.854348667,5.381170667
2009,16,5.614575333,7.548990667,7.302697333,10.02626667
2009,17,7.715669333,9.657405333,10.40184133,13.856
2009,18,8.732008667,12.08973867,12.07994867,13.005226
2009,19,16.631944,17.43984867,18.04206333,24.01071
2009,20,10.04306733,18.83694733,18.85488467,17.07936467
2009,21,21.47660533,26.54330667,24.55835733,22.003052
2009,22,22.40449467,30.827104,30.66974133,25.99507867
2009,23,12.70818333,35.45440867,28.142296,7.247676
2009,24,19.69391067,40.07774933,31.593024,14.215
2009,25,15.924338,44.06675667,31.980948,13.96638
2009,26,3.664242,121.0785053,46.051084,1.539287333
2009,27,6.532729333,72.235372,25.90134533,3.468994667
2009,28,7.643054,51.168474,19.081484,4.098776667
2009,29,5.292724,23.50203267,11.555232,4.271543333
2009,30,2.068688667,31.55659333,9.752674667,1.538946667
2009,31,6.740041333,24.55840133,11.23285867,5.177426667
2009,32,2.88757,19.03795333,9.333732,3.112471333
2009,33,5.000394667,14.17555267,8.185165333,5.19843
2009,34,7.089082,21.296232,12.42419867,9.299842
2009,35,3.34455,49.23538533,18.42498933,1.480896
2009,36,5.613279333,43.50928067,17.17879533,3.228527333
2009,37,6.334824,26.79902933,12.747292,4.573808
2009,38,7.347771333,18.21914733,10.65710533,7.183958
2009,39,7.076397333,18.46076467,12.0168,9.731749333
2009,40,8.188941333,23.87523133,13.876374,7.714824667
2009,41,12.35520067,18.47124467,15.981738,14.32739933
2009,42,6.905930667,16.74848933,15.48642733,13.952594
2009,43,5.790522,21.321944,18.47593533,11.26650533
2009,44,24.96455067,39.19573133,32.50276667,29.02277067
2009,45,28.01671333,46.01264733,37.86681,27.70384667
2009,46,22.40477133,37.357416,32.45992733,22.77681667
2009,47,7.223853333,49.09600267,26.224094,10.47938867
2009,48,23.77176467,59.482532,40.21261,13.936188
2009,49,18.440208,56.51227333,36.899642,12.539904
2009,50,17.09182667,50.346634,33.00191733,14.85223733
2009,51,22.01285467,47.60689667,36.46623733,24.28556933
2009,52,33.997274,54.88977133,40.64339667,33.97855333
2009,53,39.81878933,42.90203533,37.884522,45.440276
2009,54,46.80447333,33.741322,34.270756,58.185578
2009,55,42.72696867,34.327478,36.71075,49.66257867
2009,56,24.07978733,56.96300733,37.81004667,32.130024
2009,57,66.72014467,91.12366267,72.12403467,67.25621333
2009,58,34.12994533,126.096238,63.25974067,27.067858
2009,59,35.99279133,112.660416,47.533428,26.911794
2009,60,47.73623667,112.8928187,56.083108,28.87562333
2009,61,29.82951,94.58961267,38.20947733,19.462236
2009,62,16.940336,70.13392667,30.12452533,23.466846
2009,63,20.86383933,63.35048667,33.00312267,27.84636667
2009,64,33.01348933,59.86742733,42.50026933,47.511644
2009,65,44.79946,96.88028733,51.47509933,56.01553733
2009,66,54.25928867,102.83898,57.36150667,51.536178
2009,67,68.31638867,99.986352,60.669092,70.06146067
2009,68,73.488428,86.81937667,65.84578467,88.25754467
2009,69,66.07026667,98.190888,61.43746533,98.85567667
2009,70,72.99976067,112.8884867,72.85758267,109.5532827
2009,71,61.14171733,124.4068393,63.49085067,59.28591067
2009,72,74.87482467,133.009328,81.97055667,83.96174667
2009,73,86.25367,158.8341133,90.708562,80.74390467
2009,74,73.42899067,177.7200473,75.421734,45.91133933
2009,75,86.27070267,146.4335267,75.42019133,86.21425267
2009,76,88.31476,118.6008287,77.99599533,100.4168767
2009,77,62.008738,112.9858673,70.47239067,86.93652733
2009,78,105.877524,185.5660473,113.2193353,160.1112513
2009,79,122.5335527,191.2449273,114.6444287,91.43086133
2009,80,84.90968133,142.0618687,70.66941133,65.469622
2009,81,83.54574667,140.1280853,80.82868667,110.669748
2009,82,104.07473,129.392152,79.18599267,106.7137733
2009,83,148.1170813,152.7792613,115.379262,103.7346253
2009,84,92.10590067,118.8048353,56.64153133,53.92820067
2009,85,137.3405547,126.46528,93.18995,110.5665787
2009,86,142.941728,127.8884787,82.184814,102.6911533
2009,87,204.357144,196.410506,150.4567687,144.7729953
2009,88,197.473626,198.8724133,173.9282607,154.207962
2009,89,174.0783653,193.3298653,165.9282747,152.690408
2009,90,146.538298,183.2087873,163.9577013,151.8412353
2009,91,131.2445147,177.150666,133.983658,124.0384727
2009,92,126.12615,158.6611307,122.953228,117.163986
2009,93,121.5255093,137.5821493,91.89525133,73.19997533
2009,94,88.85846733,126.4334707,62.456942,56.55598933
2009,95,119.9906293,132.7328633,86.19371733,88.23656933
2009,96,138.3509467,164.1470753,136.133442,111.7309347
2009,97,129.6570347,163.2216853,134.9806287,99.743228
2009,98,137.2280067,179.368446,153.5719847,135.8846193
2009,99,105.1086133,130.7033333,69.08114933,68.74571
2009,100,123.7805847,141.0523093,105.332748,93.81096467
2009,101,121.4681667,148.9246927,101.3253307,80.934132
2009,102,123.6721973,172.270146,121.3906847,113.434952
2009,103,139.3243873,188.4109927,103.7028513,101.823168
2009,104,171.6801967,197.5068187,111.5747647,123.787842
2009,105,192.0031613,189.7832907,136.0363833,133.0058873
2009,106,192.879872,205.1695467,140.123868,115.9347967
2009,107,202.118364,234.044918,129.9860053,93.91998267
2009,108,225.5243447,244.664252,141.289664,93.741922
2009,109,205.9047913,251.71425,151.9334067,117.1086013
2009,110,176.382236,238.4013387,138.930166,131.030686
2009,111,223.473516,268.16564,152.3301707,121.3171193
2009,112,197.842296,195.339684,116.7743647,74.755412
2009,113,225.5160787,260.8776353,159.607592,149.551622
2009,114,262.4210727,282.2249833,169.8758627,174.7052207
2009,115,229.7861627,210.1269527,169.8466533,211.1187387
2009,116,221.7760247,220.4024467,162.475118,215.8506487
2009,117,242.5636093,238.6541653,146.0260033,161.6668647
2009,118,210.3864973,161.255194,120.2441493,121.39887
2009,119,248.5332193,209.312034,177.7473133,189.1582227
2009,120,248.3191313,165.620952,166.3855707,197.6619613
2009,121,242.7408213,174.394986,160.7349673,224.4944653
2009,122,203.564042,180.6964307,177.9739267,220.2217533
2009,123,203.2370053,118.9781827,112.9441193,164.7556627
2009,124,216.975604,150.870604,100.1426793,129.7361173
2009,125,249.4816313,145.439748,96.404066,76.317136
2009,126,255.549026,146.2441787,99.208608,112.2365007
2009,127,261.543962,166.984252,123.1672207,179.6409073
2009,128,262.4301427,151.3506413,130.543954,167.320018
2009,129,229.384262,165.66846,141.053372,179.3683207
2009,130,224.0188553,193.469076,181.311028,178.1146113
2009,131,214.1838533,199.7495953,136.6268093,154.2892453
2009,132,204.4467727,230.3038773,163.97488,159.4252207
2009,133,230.7394827,222.6368827,159.8260913,129.78019
2009,134,217.9669867,184.9792847,107.796076,124.1956533
2009,135,227.4907233,165.5598353,123.075636,134.9261993
2009,136,224.837002,168.1909487,158.8482833,198.0555447
2009,137,219.6446933,198.199132,155.9132633,210.886732
2009,138,206.4458107,142.0970227,141.1784807,193.935868
2009,139,213.172026,122.822254,123.5848393,192.286254
2009,140,220.4493207,100.883398,103.9900813,157.1538667
2009,141,234.8987593,99.918648,101.5665387,117.331974
2009,142,237.4314993,144.9719507,138.303434,195.824884
2009,143,203.659076,130.1190973,106.6106047,141.21445
2009,144,223.516326,104.0120467,98.89080533,139.2953993
2009,145,194.3368033,95.12437867,96.834378,143.7457233
2009,146,141.9511053,72.86200933,93.20375733,135.978938
2009,147,111.2952713,58.636728,54.74010067,90.39134933
2009,148,159.2601687,71.13229067,82.02156733,133.836716
2009,149,124.5481333,60.65164533,58.279928,71.81803533
2009,150,129.7008693,66.477842,67.55300467,70.967336
2009,151,126.411386,78.76045267,50.04699333,79.498848
2009,152,141.410142,77.61194133,80.80574533,108.759888
2009,153,100.00828,68.537478,98.91014667,102.217434
2009,154,74.93036867,83.96419067,137.096092,111.806332
2009,155,56.764892,67.79373067,144.068784,99.94894333
2009,156,40.10885267,55.21776333,125.3562233,87.30184133
2009,157,42.90654267,49.477136,111.894786,85.74370867
2009,158,41.00146133,54.450992,104.7137573,86.135028
2009,159,36.04115267,36.54080467,66.66283533,74.73536867
2009,160,31.61894933,41.03329067,85.45424933,79.04666133
2009,161,59.11020867,34.13162533,68.84690933,70.51913933
2009,162,54.131814,33.80692667,79.37915667,63.962576
2009,163,40.58698067,32.14379267,80.59918333,73.68304333
2009,164,25.86763133,27.727496,89.29944133,67.36650067
2009,165,18.346888,23.773286,85.46803,61.75965
2009,166,11.41006667,16.08439533,56.07559333,43.65429733
2009,167,38.20625333,27.58590133,58.567252,43.50466933
2009,168,20.05408867,23.57432733,61.30324267,59.330888
2009,169,34.90666333,27.41930867,74.20403867,66.08038267
2009,170,33.252594,27.46246133,69.59265933,49.79058733
2009,171,18.729982,22.21333267,55.07883533,32.145424
2009,172,22.60539533,22.30063067,63.721336,31.88637267
2009,173,23.04442067,25.353512,77.67469733,39.60297533
2009,174,16.02810467,27.62112467,89.20474133,43.68983533
2009,175,7.605954667,22.83485933,81.01022,37.137168
2009,176,4.995851333,16.92347867,53.46228533,28.67981067
2009,177,9.769176,14.81186533,40.37311467,31.63276133
2009,178,20.786646,23.25867733,50.66510933,44.39503267
2009,179,30.62938,34.64083467,64.61930667,63.31132267
2009,180,35.18197867,33.657766,58.44765067,54.02798867
2009,181,35.46183533,29.88984933,48.090566,38.864686
2009,182,21.38868467,21.104828,44.224862,32.89490667
2009,183,17.51298133,24.89805,52.956536,43.35625133
2009,184,24.18339067,33.71998267,84.82469733,54.67652133
2009,185,19.59663933,26.72614,78.30814267,49.09471533
2009,186,16.13349467,23.76032933,48.236232,29.64830533
2009,187,16.40384933,20.93832,38.218204,26.87959267
2009,188,14.16913267,18.88275,46.44741867,36.986088
2009,189,15.30881133,21.22413667,52.2751,52.947922
2009,190,14.109442,16.503272,44.77835067,54.64166067
2009,191,14.65230733,15.64526467,35.65358,41.76513467
2009,192,14.34594,15.65148,34.090958,36.60018533
2009,193,23.113718,22.52131533,41.07280533,46.15912933
2009,194,17.69493733,18.770864,51.48831533,47.84951867
2009,195,39.56439933,21.84509133,45.35202133,45.071236
2009,196,13.81614067,18.45565867,38.70108333,34.87787733
2009,197,17.962918,20.40091533,52.49711333,37.97987667
2009,198,15.41183133,19.97606733,61.73318133,37.68459067
2009,199,13.055628,22.25923667,57.81359667,32.77808667
2009,200,22.75367733,25.11387067,56.08815333,34.884974
2009,201,23.32438133,24.527934,53.367024,30.35443533
2009,202,19.388906,23.58671867,58.78133133,39.75386267
2009,203,16.78912667,24.53202933,66.15616533,43.15700267
2009,204,14.876988,18.94613067,48.938678,32.119482
2009,205,9.747409333,33.021376,51.54567667,19.928692
2009,206,13.22866267,29.35248667,54.03435667,26.11531733
2009,207,13.18136067,25.689118,47.130394,21.03764533
2009,208,6.708173333,20.669744,36.58648667,18.57279933
2009,209,8.41043,23.573802,45.74139067,21.93908067
2009,210,10.47607133,23.31455867,52.72208133,23.01580133
2009,211,9.751252667,14.558798,33.842232,23.85193333
2009,212,8.284907333,13.91321067,29.50923533,23.01043267
2009,213,6.381090667,17.56497933,49.22426467,31.63049
2009,214,5.578670667,13.122368,32.26019667,21.42587933
2009,215,7.244211333,17.58466533,27.21176733,15.75110933
2009,216,12.68636067,24.68503533,35.961546,19.510126
2009,217,8.765010667,17.59208533,23.99834733,10.984218
2009,218,0.502757333,11.61546867,19.37417933,5.476782
2009,219,3.782725333,18.48381333,25.18380467,9.322409333
2009,220,6.744122,21.54529267,26.09652067,9.367376667
2009,221,5.283292,12.34603,24.45764467,13.35928733
2009,222,1.617272667,14.501622,21.849884,3.973788
2009,223,1.193144667,19.12282067,23.33966667,3.995868667
2009,224,2.11767,23.12820867,29.25368667,3.997122
2009,225,1.581418667,23.32830933,27.30083933,3.372712667
2009,226,1.486693333,21.52894467,22.01240333,3.17445
2009,227,1.774359333,22.698522,21.38452,4.801176
2009,228,3.454180667,17.561342,27.71188267,14.89717067
2009,229,4.877564,15.21697267,27.795946,18.32558267
2009,230,5.486277333,15.152802,24.65903867,20.52490867
2009,231,9.392148,21.961764,35.00219933,29.81341267
2009,232,6.955046,22.19285133,37.84243867,30.80261
2009,233,5.373932667,20.20612733,29.067946,25.4901
2009,234,2.041631333,31.78520067,22.885782,13.09352467
2009,235,5.345888667,57.63875533,37.235838,15.409116
2009,236,12.45210867,49.248454,37.79970067,25.54745733
2009,237,9.999694667,45.266768,31.86813933,21.91925333
2009,238,9.486208667,49.06557867,29.65028333,17.32421867
2009,239,7.175292,68.31181533,32.22123533,9.416532
2009,240,13.28265267,46.82512467,29.93031733,24.40246467
2009,241,3.282164667,25.472274,16.159266,13.56185333
2009,242,2.113156,36.63519867,17.24940933,4.336976
2009,243,4.588859333,75.46234733,25.374996,8.525395333
2009,244,5.267624667,56.43520067,24.82529067,5.038454
2009,245,6.393822667,26.979004,15.59954733,8.693421333
2010,1,0.888066667,19.93490333,10.189066,5.266058
2010,2,1.731932667,31.03234467,13.923564,9.869917333
2010,3,2.280142,31.25355733,16.08756133,12.86512133
2010,4,2.715896667,25.489802,15.84439667,15.447314
2010,5,1.009280667,33.91014,14.09340467,5.837046
2010,6,3.492169333,46.72278133,23.453186,10.48793733
2010,7,4.608888667,40.717964,25.539576,20.05653333
2010,8,3.39386,44.475108,21.670934,11.46816933
2010,9,6.763413333,58.59819933,26.78429533,15.06816733
2010,10,4.533852,71.91845067,25.35269467,9.488935333
2010,11,6.720580667,75.411652,28.38376267,9.728012667
2010,12,8.628295333,56.92940667,25.89938067,14.61874533
2010,13,8.449035333,58.00193333,23.50535667,15.15653133
2010,14,2.176227333,60.86193467,16.44500467,5.115388
2010,15,11.08081933,62.234258,26.02349733,16.53089867
2010,16,14.30861267,50.47608933,23.69115933,22.47832933
2010,17,13.87705867,42.66376867,22.14852867,21.77813133
2010,18,11.13057267,45.18067133,18.16064267,14.76618133
2010,19,8.844698667,100.4566307,28.766988,7.071427333
2010,20,12.58739533,167.1581273,40.145092,8.333962
2010,21,12.29718067,64.02213667,20.14655467,16.019776
2010,22,8.340314,60.04087467,15.848816,6.246551333
2010,23,4.053321333,71.52681467,14.62321,2.935245333
2010,24,12.200276,87.687136,22.89456667,6.824036667
2010,25,11.01614667,70.26500267,18.33023533,11.52919333
2010,26,6.728515333,28.09592333,8.796032667,7.515008
2010,27,5.118859333,46.63973533,11.71788133,3.934775333
2010,28,13.488724,74.83398933,18.59189467,13.00116667
2010,29,14.517136,53.90805667,17.44297533,16.183546
2010,30,18.55312867,33.15352133,16.29524067,27.48861
2010,31,16.383316,35.574642,14.83305667,24.49036
2010,32,17.26922,59.157016,24.110204,22.99341933
2010,33,27.91357867,102.4460493,38.713866,24.576548
2010,34,22.34826867,107.1865307,32.31783,21.37248533
2010,35,15.543566,101.862098,24.98145867,10.28528333
2010,36,15.02767067,104.1240207,23.80359867,11.13902
2010,37,15.47881667,96.98099867,21.84677333,9.020037333
2010,38,14.32823267,65.594408,19.31900867,12.94366933
2010,39,20.85755733,54.20751667,18.43657933,33.84069733
2010,40,17.241478,47.69599467,17.96239333,21.82477133
2010,41,16.53103733,66.389222,19.24084667,17.95852533
2010,42,31.11192467,88.73041867,33.37811533,46.21675733
2010,43,28.65815467,79.95198,33.344016,38.23766933
2010,44,30.23513267,60.50600067,27.07706533,45.086986
2010,45,37.991452,83.15447667,36.439142,60.37345933
2010,46,58.78729267,109.5796093,54.09420067,88.395644
2010,47,24.39079467,87.54848533,35.46449,44.11681933
2010,48,21.130104,100.5035653,35.990782,42.30523
2010,49,52.48847733,156.0038953,67.540212,74.72676933
2010,50,51.59620267,140.5360773,61.735342,55.78499667
2010,51,34.69151733,91.348318,41.71952133,47.718262
2010,52,26.97193533,86.863308,39.18428467,47.60717267
2010,53,16.48913067,81.83399733,26.75395867,27.47720533
2010,54,13.89819,103.4835487,31.316082,25.48808267
2010,55,52.743226,115.6300053,61.99988667,55.109886
2010,56,40.16074467,119.5491513,53.118194,33.60629533
2010,57,31.81905933,138.5086033,49.66940067,23.93516467
2010,58,40.11012733,130.753548,53.13654933,54.165792
2010,59,38.865938,104.429376,45.19941,42.970034
2010,60,23.68467733,77.639122,25.22144667,27.70471933
2010,61,31.62954533,92.38005667,32.231732,40.000568
2010,62,36.88174933,98.160546,36.248574,40.55696667
2010,63,26.00238067,85.32819667,28.64472467,31.44019267
2010,64,32.34160867,117.292294,35.843798,35.50411733
2010,65,40.574876,124.9505187,39.98645,30.537882
2010,66,28.69165867,102.1669173,29.35032933,26.228174
2010,67,40.004188,93.74991467,33.584118,49.52842867
2010,68,37.69612067,110.7946513,39.16579533,35.88762
2010,69,33.84566467,111.012224,33.63551267,41.19800467
2010,70,36.30707667,128.71209,42.60764,42.478016
2010,71,30.70266,112.41889,36.29421867,20.80477733
2010,72,10.87254467,102.178888,23.59588067,16.39864133
2010,73,56.26331333,133.3232487,53.37027467,41.47426467
2010,74,38.151752,85.64395667,36.25957267,33.08930667
2010,75,26.87242467,70.26450733,29.39064933,30.61622533
2010,76,20.80344133,97.738632,34.75522933,17.70782067
2010,77,51.22633733,112.532538,58.07294267,56.31557933
2010,78,70.40653067,89.70161867,64.93212,93.86767133
2010,79,31.24580933,52.35263133,33.89753867,48.164476
2010,80,59.28501867,88.8328,60.18082,95.13451467
2010,81,110.0576113,127.984152,103.2178673,129.5516927
2010,82,113.4827427,144.068636,116.5754693,136.0093193
2010,83,134.253766,190.683784,133.85805,163.146578
2010,84,126.050834,214.641862,132.215978,146.3219853
2010,85,148.540466,220.452828,125.2582967,136.134288
2010,86,115.212374,225.480034,144.5036867,155.9187067
2010,87,131.472658,198.2039133,114.404138,122.862678
2010,88,110.9322893,188.2345453,126.855922,130.5762673
2010,89,180.8029207,231.87224,182.7311687,193.3471107
2010,90,136.9706007,184.7307933,117.2492287,159.9306927
2010,91,141.9748813,230.8112627,155.521626,211.7528313
2010,92,139.939638,233.2937273,153.1658693,193.4769933
2010,93,122.5545427,217.0668407,135.1302893,159.2365733
2010,94,122.4686613,205.4642293,140.471428,173.357784
2010,95,124.9039967,137.3720233,115.128678,147.9270753
2010,96,149.4006487,205.6394273,133.331018,152.510866
2010,97,124.831238,182.6124813,113.787746,138.0489547
2010,98,157.084246,190.044258,123.1121213,146.2148553
2010,99,196.5012293,194.8089567,136.028254,148.6082307
2010,100,174.4856993,131.025856,94.75677333,66.683464
2010,101,206.473724,155.704026,104.9849253,57.57189133
2010,102,240.9637773,124.72988,115.371152,87.11071467
2010,103,180.54547,108.1835967,79.147512,84.77993867
2010,104,117.1965327,107.242784,45.97439267,24.95024267
2010,105,159.2057347,135.82485,71.520864,47.24076067
2010,106,140.8613553,157.8354773,128.7278087,114.292746
2010,107,134.2354107,201.2456667,213.0929027,170.0547213
2010,108,138.8492607,185.183262,197.1377247,138.7692827
2010,109,93.365264,194.6597407,163.0933367,130.10671
2010,110,107.4136973,171.6288127,170.4726467,176.6408253
2010,111,116.293596,175.106788,161.0359493,165.112028
2010,112,126.732576,200.5420873,145.0109107,135.6426733
2010,113,194.9347567,239.5164413,174.2390353,148.9803533
2010,114,244.9873273,184.652268,172.1832233,177.9036133
2010,115,252.4397733,237.563484,183.4463313,194.3414793
2010,116,252.719146,225.9423213,182.0423493,187.6423007
2010,117,245.3928873,154.0341187,161.0737473,186.9738393
2010,118,165.6350347,118.5650427,106.5952647,130.556802
2010,119,182.2185953,172.460846,152.2679927,141.3909793
2010,120,240.5104813,147.2658387,148.7337113,154.515314
2010,121,230.8302433,153.6481587,161.5178347,184.19846
2010,122,191.5410913,111.9428367,142.8594767,180.9679253
2010,123,159.6712247,90.823408,108.0858787,132.272324
2010,124,164.6108747,98.05275,120.7953447,144.579442
2010,125,200.6145287,107.664128,135.643652,133.993288
2010,126,184.9889507,91.37110133,81.75350267,101.4144113
2010,127,206.6396193,103.5239167,161.7237773,169.4550313
2010,128,209.8082753,107.207356,135.9225627,138.350852
2010,129,107.5328907,73.54533267,58.622372,66.09117333
2010,130,180.0576027,103.544294,117.0223933,118.421558
2010,131,174.5516687,105.366524,136.653664,119.053166
2010,132,138.0935833,92.25873333,137.8135993,104.4820693
2010,133,135.465144,106.092054,150.5996687,114.173268
2010,134,153.32883,114.7519847,180.71596,122.8256887
2010,135,146.9394827,119.8287373,198.1053627,138.4802187
2010,136,125.270862,92.20823333,150.0677273,120.5167293
2010,137,135.7571007,89.81827733,141.9670073,118.6323613
2010,138,137.4144907,84.46496733,134.656682,108.3172733
2010,139,97.548594,61.59476733,97.22629867,71.35500867
2010,140,92.008922,59.68635267,91.90288267,77.24251933
2010,141,93.16003667,52.16030467,85.187212,65.39155667
2010,142,114.8431407,60.7491,84.984306,77.166622
2010,143,92.405818,55.36153133,73.609708,83.785334
2010,144,121.848292,58.19691667,100.8071213,104.0807773
2010,145,91.88717667,43.84662533,88.29069667,92.02335933
2010,146,127.2911987,57.79037467,107.497974,87.94050933
2010,147,100.2567687,59.91832133,101.2367147,94.72726667
2010,148,70.52260267,51.997596,90.71887267,96.531838
2010,149,83.10550467,45.97739,96.98286467,101.5314727
2010,150,59.07745867,37.13174867,67.540648,76.370264
2010,151,48.05197867,29.08863733,50.151106,63.641394
2010,152,66.334488,41.60869467,88.753618,74.32514533
2010,153,61.33342267,44.165124,98.09956667,74.77117867
2010,154,50.529444,30.93824,71.145152,59.136554
2010,155,41.26462,24.441208,62.762936,47.77893933
2010,156,46.745692,28.907514,78.22194733,60.48062467
2010,157,52.94793267,31.60796,81.559538,73.39349133
2010,158,38.560742,26.970944,76.55488267,66.86941467
2010,159,38.971278,26.78824667,80.45190867,59.36400267
2010,160,28.967636,21.92587133,74.16504733,50.618518
2010,161,21.60834933,21.15487933,69.97379067,42.615152
2010,162,17.97859467,16.23648467,53.42082267,36.48076867
2010,163,24.0241,23.43186467,81.43482333,49.364892
2010,164,56.80624467,20.72740933,77.66441667,42.78695867
2010,165,29.03511867,15.31718533,49.971022,36.09998067
2010,166,21.538076,18.056646,49.19270533,33.136702
2010,167,74.145676,20.91941533,50.34400067,30.81636533
2010,168,49.43571133,19.38540933,49.94320467,32.756662
2010,169,34.52373133,17.193442,50.119724,40.35038933
2010,170,54.94415667,21.85056333,68.21115733,31.99288667
2010,171,39.64436067,16.09794733,59.14197867,27.882098
2010,172,26.930642,10.87818867,36.299626,24.21522733
2010,173,32.79883467,17.11201,52.41113933,31.07920067
2010,174,31.63170267,19.641092,73.82600533,33.75833267
2010,175,20.09205333,14.49093267,47.770278,29.07743133
2010,176,24.17159933,11.026334,29.746382,26.134468
2010,177,33.04370667,14.66600133,27.41604133,20.56193467
2010,178,24.63768733,14.44841133,35.77087467,22.304742
2010,179,14.489888,12.203446,34.22453,20.75424133
2010,180,8.896176,7.851932667,15.58843667,13.04876333
2010,181,8.608017333,7.075768667,14.25099333,12.19529533
2010,182,12.99905667,9.693436,18.84854133,13.34290133
2010,183,15.83284067,8.650057333,21.16807867,21.864332
2010,184,17.585252,9.912187333,21.41566333,21.40800533
2010,185,19.48514667,11.382232,22.777544,17.53859733
2010,186,27.033042,13.38977,23.88435667,15.028132
2010,187,18.86193667,13.26268867,26.56488333,17.38323933
2010,188,12.16287667,11.26714667,32.280852,16.81176467
2010,189,7.287538,8.20247,20.01794933,12.977976
2010,190,18.78634267,9.528593333,16.887766,15.88735533
2010,191,13.866852,11.708176,25.28714867,17.50918267
2010,192,8.885746,7.82925,22.37440933,17.18195
2010,193,5.115732667,8.447408667,21.93415467,15.978548
2010,194,20.064268,10.71582867,19.650712,16.016002
2010,195,15.93836467,10.22664733,19.84152733,13.59367867
2010,196,11.90901533,8.606536667,21.43695333,15.10047733
2010,197,4.959601333,7.26388,20.43243467,13.57321733
2010,198,4.045571333,6.251264667,16.76628467,12.27895133
2010,199,6.606029333,7.214032667,16.952242,13.27505267
2010,200,5.371907333,6.895622667,15.51932533,13.16987533
2010,201,6.179162667,7.514876667,18.663772,14.09136867
2010,202,6.564388,7.419713333,16.78379933,12.50650667
2010,203,3.796279333,8.596363333,24.373866,13.08582933
2010,204,4.752078,6.542,19.35314533,11.46995667
2010,205,5.268296,7.055323333,15.16312267,11.24945867
2010,206,3.557078,6.322730667,22.65666533,15.41320467
2010,207,10.78517,9.720868,28.20804933,15.35284933
2010,208,9.006275333,8.987833333,31.01078,17.36900133
2010,209,9.874119333,9.077279333,28.309854,14.502832
2010,210,2.915756667,7.230845333,21.68908133,10.03903333
2010,211,4.328510667,6.7664,19.598892,11.423926
2010,212,1.862617333,6.316534667,22.13864467,11.93002667
2010,213,4.725774,5.945745333,17.47067,13.39391667
2010,214,3.692911333,5.818032,13.99204867,11.46872733
2010,215,5.321025333,7.196094667,16.996282,12.96037067
2010,216,4.577201333,9.764322667,21.83086333,10.22683667
2010,217,3.568451333,7.741298,19.21406933,10.28029533
2010,218,3.206705333,6.61993,21.36605067,10.148958
2010,219,2.293323333,5.949537333,16.15532267,8.667578667
2010,220,2.340434,6.211474,23.04862867,12.26898133
2010,221,3.498851333,8.045175333,29.51993733,13.21677733
2010,222,3.440634667,5.058727333,25.28075133,13.084342
2010,223,5.792988667,8.118598667,25.96900333,12.364088
2010,224,3.761889333,9.869366667,31.5773,10.73356467
2010,225,5.988534,11.13990533,34.78514467,10.78897333
2010,226,5.08768,10.91079467,36.38405067,10.58036733
2010,227,5.700221333,14.06882,44.340258,11.39678067
2010,228,4.853441333,10.46167267,36.72305733,12.09657067
2010,229,3.361021333,8.257315333,32.30363733,11.69861533
2010,230,3.781041333,8.278736,25.95986933,10.40977
2010,231,2.33633,7.019414,28.357058,12.14633333
2010,232,0.830270667,7.070811333,26.197854,7.054396
2010,233,3.211925333,9.077814667,29.39524533,11.54806667
2010,234,3.609016,9.541094667,28.61724533,10.92862
2010,235,2.406027333,8.739117333,21.560238,8.174261333
2010,236,0.629039333,6.130331333,19.80041867,5.71972
2010,237,1.380709333,8.271028,27.39515267,7.003352667
2010,238,2.637138667,8.86242,29.498126,8.323700667
2010,239,2.305679333,9.282478,27.71372667,6.347247333
2010,240,2.955458667,15.363902,29.589132,4.541166
2010,241,3.799318,16.622662,29.96809133,5.057432
2010,242,2.702408667,13.58041667,29.06311133,6.133286
2010,243,1.754756667,9.659483333,32.674438,9.513517333
2010,244,1.327214,7.648314667,22.82517733,7.779968
2010,245,1.649357333,6.437562,18.257846,7.096240667
2011,1,1.911265333,20.47597,13.03778533,7.958355333
2011,2,2.023558667,18.217144,13.99069733,8.532754
2011,3,2.452230667,15.081634,13.41292333,11.159166
2011,4,1.780755333,20.81433867,15.141246,5.970793333
2011,5,3.843888,28.016634,18.319986,12.35028467
2011,6,2.164874,27.29057733,18.295278,7.513854667
2011,7,0.628646,61.79667067,19.32686333,1.715631333
2011,8,1.648246,60.40978867,21.425406,3.457005333
2011,9,2.312574,45.54821667,17.85763467,3.487352667
2011,10,3.121596,24.23051333,15.19225067,7.746766
2011,11,3.023915333,21.218604,13.59334067,6.59829
2011,12,5.094829333,22.84807667,15.95009067,10.33629667
2011,13,3.436793333,21.22754467,17.10909,13.33181267
2011,14,7.459974667,18.84218533,19.210956,21.711332
2011,15,7.170438,26.22223533,20.30574067,19.511146
2011,16,10.01914,41.31779933,29.349948,23.14247867
2011,17,11.08124333,47.06658333,26.55100733,15.62691467
2011,18,9.387145333,39.253274,26.87572733,20.150094
2011,19,16.94507267,48.53444,34.90291933,38.114086
2011,20,12.98072533,44.50492133,27.98055133,24.044232
2011,21,13.26112,52.80490067,28.48794667,22.12723733
2011,22,16.815474,62.62506267,30.45185467,18.57402867
2011,23,16.66778467,54.08158933,27.456122,16.99033267
2011,24,15.25199067,54.90957667,28.09787933,22.39573
2011,25,11.91224667,53.88741067,24.47078933,14.443534
2011,26,5.89604,64.40670333,22.87874867,7.419157333
2011,27,7.969427333,63.012276,25.31445933,6.526864
2011,28,4.308802,51.44413467,18.84363467,8.791735333
2011,29,6.005770667,44.71728,17.77996,7.227760667
2011,30,8.879074667,38.09694133,17.13502733,11.07970133
2011,31,11.18799867,36.86859,21.806636,19.886578
2011,32,14.58085333,36.14774467,23.342128,22.10626533
2011,33,15.99682667,40.39301333,32.40358533,43.915864
2011,34,17.08336067,52.26416867,34.399108,16.76551733
2011,35,11.34409733,60.8753,26.83987333,15.26719667
2011,36,28.53384533,63.74934267,41.309852,54.52883067
2011,37,12.28117067,62.48428667,32.81481533,9.026312
2011,38,13.956642,61.589364,30.59667333,26.77585
2011,39,25.60840733,81.61370067,45.737244,33.628464
2011,40,22.54024067,44.06456133,32.06501133,25.51890533
2011,41,13.846468,44.96210667,26.21326867,26.766682
2011,42,28.28454133,77.753612,50.09005267,52.21062733
2011,43,30.72238467,70.85111933,46.18044533,38.25581333
2011,44,15.13581733,65.72051133,35.94061133,21.78065333
2011,45,11.29899333,94.51945067,39.304918,20.010432
2011,46,15.16093933,90.02505667,38.39525467,24.222288
2011,47,22.85601267,53.88966267,34.11614933,33.14504867
2011,48,17.92980267,54.12212867,30.48564467,25.361394
2011,49,8.891772667,62.140742,28.901044,17.84474467
2011,50,28.16843333,81.401486,44.81834867,41.31578533
2011,51,24.97838333,61.62335733,39.21475733,38.74370733
2011,52,20.80588667,57.16772667,34.94082133,38.13294733
2011,53,24.45370867,91.96581667,42.012868,22.86921733
2011,54,20.80432,100.2420627,43.10179,21.31185867
2011,55,19.96102067,80.82124267,38.76407733,28.51608533
2011,56,18.46195067,70.18797133,36.199968,28.44369467
2011,57,20.10105733,69.96739867,32.49433533,26.47183267
2011,58,23.72349733,92.463926,38.602436,28.656092
2011,59,31.451658,83.146332,38.34136667,35.87468133
2011,60,22.55871267,61.821504,28.03761867,21.48657
2011,61,19.69620933,83.833836,30.81308333,20.346012
2011,62,25.045548,97.396556,36.964742,32.467984
2011,63,17.72986533,88.27168933,30.33805933,16.38319
2011,64,16.70316933,78.33926,26.830992,24.17435667
2011,65,20.549488,84.49053133,29.31702267,18.17519067
2011,66,28.46638,85.96598267,33.285458,26.42042333
2011,67,31.06267333,61.18520667,33.69914067,50.16170333
2011,68,34.492454,59.70050333,39.10398733,45.83175667
2011,69,47.751348,71.04092733,49.54407533,75.23548533
2011,70,46.703438,77.88003267,51.47507533,71.87258733
2011,71,49.084506,92.56940267,54.51222,78.585256
2011,72,27.61982533,113.6960627,52.12811267,45.28441667
2011,73,42.41522067,130.977804,73.30082467,39.47849333
2011,74,60.79837533,130.751598,78.31491333,59.013748
2011,75,24.11878533,122.7439293,52.73825067,13.270638
2011,76,22.753392,136.1365333,50.51232333,16.28088
2011,77,39.89135333,114.8361053,60.16808667,40.91024733
2011,78,21.19165867,74.55045333,41.24682867,29.45216
2011,79,20.09617267,64.07415533,37.12800267,38.47405467
2011,80,29.133318,115.386074,54.862198,37.140272
2011,81,40.59880267,93.50830933,61.06639533,51.23113733
2011,82,33.95073,79.424972,51.98465733,54.78570467
2011,83,48.18427067,104.477744,71.16001733,70.79242467
2011,84,35.37813133,100.3236713,56.885474,55.69193
2011,85,54.787068,103.5323487,74.47951133,85.05756
2011,86,66.655164,100.3875453,85.73262933,104.938182
2011,87,44.35757867,101.1174647,66.01009133,69.531502
2011,88,75.998842,159.6939153,101.9941553,113.8373633
2011,89,61.68409133,146.3948513,83.881166,78.86826533
2011,90,52.71695467,125.5330287,72.89492533,73.043052
2011,91,70.75472867,148.729646,97.84624467,93.30931
2011,92,91.81880667,170.0940873,126.977764,133.1716867
2011,93,83.93746867,164.4443953,109.9353507,142.9169953
2011,94,101.1764867,184.153412,136.8035293,112.6929787
2011,95,74.495544,159.2179067,100.657318,107.38409
2011,96,80.46925933,169.13626,119.2945647,175.7239647
2011,97,107.8238893,194.5930527,150.8585107,190.508654
2011,98,100.5778453,184.2263487,122.5928013,123.594556
2011,99,90.17704,184.067068,106.1063673,154.7352867
2011,100,98.39777533,171.8609487,129.229708,136.9269187
2011,101,107.3915867,140.1069687,105.758614,133.3337813
2011,102,123.8817227,169.486952,155.474372,182.438156
2011,103,134.78119,140.7377473,148.1273053,160.6845947
2011,104,120.0464013,141.2182753,137.9463327,90.32093267
2011,105,115.5584327,135.392918,132.345204,84.58329
2011,106,115.7665327,157.0013707,138.754798,122.1800107
2011,107,121.3192493,158.037012,157.0238433,162.091202
2011,108,97.19042667,113.5462273,111.8780493,116.8370247
2011,109,99.58487267,125.652846,118.6682067,113.553512
2011,110,119.29678,100.3153633,129.964136,133.2454113
2011,111,102.0041647,84.95524933,86.2297,84.669136
2011,112,111.6912073,107.900582,114.69484,99.81695733
2011,113,154.3950113,132.8883947,176.6748247,148.5782807
2011,114,148.7103007,128.6524253,172.8936707,106.3298987
2011,115,100.013596,102.0946947,136.4402127,116.5420707
2011,116,103.7241453,102.9938687,142.195604,120.0714953
2011,117,130.791604,113.3753453,169.043646,135.4938287
2011,118,137.9795487,111.1217767,174.5256447,138.260322
2011,119,149.026132,103.6683613,160.9964727,133.750688
2011,120,121.677398,94.029836,158.5067827,103.5781313
2011,121,92.435114,68.58899933,127.1878953,72.75145067
2011,122,79.03008333,49.943896,87.499708,68.139056
2011,123,116.8857567,63.86602067,126.547878,113.0141733
2011,124,119.3827087,61.46440333,109.9805893,108.2923293
2011,125,91.93161667,60.505672,122.5122013,100.916954
2011,126,74.255754,42.72993667,97.91174467,73.917342
2011,127,74.22490333,32.38208933,70.89895867,55.24802533
2011,128,75.34073333,40.63949533,80.992802,76.45373733
2011,129,99.23890467,55.19027333,101.992662,103.50488
2011,130,74.87561933,41.077718,82.36793267,88.349718
2011,131,82.54429467,41.513966,100.469926,76.05752667
2011,132,81.30986067,38.02203,95.48588133,52.722704
2011,133,66.05779333,35.72087867,76.69091933,59.576508
2011,134,69.09496533,50.149968,96.49322933,76.37399133
2011,135,82.23029067,56.83983467,101.4555847,92.76508533
2011,136,106.3393593,98.70072333,103.3044047,115.8547413
2011,137,105.2581293,96.011862,108.7213013,104.6402333
2011,138,92.16704133,73.81499533,88.22689333,81.415616
2011,139,71.688626,67.54695067,81.34978267,70.01088667
2011,140,68.54225667,74.25169933,91.500002,83.110098
2011,141,65.733108,48.75201933,73.28332,77.10220133
2011,142,63.53032867,43.62085333,77.26241933,66.37790533
2011,143,63.573086,42.58898867,76.97243733,60.37819133
2011,144,51.63763533,31.62513267,61.275948,49.58916467
2011,145,52.09715133,34.83846733,68.40702733,53.44403467
2011,146,36.41300733,32.006508,59.541286,55.09162867
2011,147,43.46517867,25.85558,59.64637867,65.816298
2011,148,38.37611067,19.81053333,50.75556933,78.29126933
2011,149,42.49798933,22.411758,57.31248467,81.32808733
2011,150,41.074122,21.54787067,60.124328,71.549306
2011,151,27.809072,20.998978,62.48584667,57.36687133
2011,152,27.154314,27.67490533,65.07579267,50.089362
2011,153,15.51394,17.16229533,52.01317267,39.838366
2011,154,19.40270333,15.44516067,48.102308,38.46281933
2011,155,26.978294,20.52512733,60.44802133,41.70791533
2011,156,30.45052533,19.976312,56.29416667,46.977872
2011,157,53.62188733,40.41763067,59.35344733,62.87817
2011,158,69.66524467,71.236434,48.631776,65.41758
2011,159,66.157172,60.98451467,47.522452,53.56207867
2011,160,76.182634,66.18019667,56.23574067,58.72612933
2011,161,73.22791267,73.59067,72.11914533,63.529288
2011,162,63.15273467,78.799438,73.19445267,62.918948
2011,163,74.127566,89.29511533,89.44796133,75.07937133
2011,164,77.62517667,65.68520133,93.17691733,72.82291
2011,165,84.676842,87.71859533,78.70494267,58.55589067
2011,166,72.416452,69.87477533,75.298934,61.93028267
2011,167,77.999708,67.45946333,79.43659533,64.71844667
2011,168,87.94964867,84.83823467,101.3034353,88.562396
2011,169,86.17682333,67.03378133,84.85203667,101.200744
2011,170,94.13457667,74.13314733,102.108056,113.1807013
2011,171,84.027684,58.31641667,85.64460267,97.65462333
2011,172,88.32438067,60.508682,76.43043533,99.63177733
2011,173,85.94280267,59.22087667,85.00530733,112.37239
2011,174,46.84445,30.97287933,60.690328,83.24737267
2011,175,60.58259933,44.48619733,76.02661933,76.939514
2011,176,45.892256,33.774296,64.37157067,80.62572133
2011,177,56.70472067,36.58946533,63.521064,39.23228867
2011,178,43.08643933,29.85564867,53.308864,39.57893733
2011,179,44.75172733,30.26303733,62.594012,64.828414
2011,180,37.51346533,28.96868867,58.54350867,58.490908
2011,181,34.04639133,20.61228933,44.870166,45.811672
2011,182,46.436174,23.31756333,48.93655333,46.500822
2011,183,44.36628,25.839196,67.22250933,51.996484
2011,184,33.83227867,21.42754867,54.99570667,41.43803267
2011,185,25.95026067,20.787518,52.90293267,35.43100333
2011,186,40.169094,25.681954,66.74231067,45.45641667
2011,187,68.577602,33.055128,80.463776,45.297974
2011,188,56.168528,39.786008,107.5484873,69.43803733
2011,189,22.384742,26.98960933,86.95298733,45.96604333
2011,190,7.967558,14.130266,38.548458,21.11685467
2011,191,12.96678,20.54727067,50.323456,27.74958067
2011,192,27.84951933,32.02407267,107.2196573,41.46620067
2011,193,20.59876,28.80820867,89.013826,38.54230067
2011,194,14.30863133,25.343172,71.44359,34.49874133
2011,195,10.861452,22.546462,75.61000533,29.36936333
2011,196,10.700506,17.07333933,57.435278,24.05281133
2011,197,10.040232,18.41053333,67.73205933,36.91031333
2011,198,4.887114667,15.84405667,40.464162,27.246492
2011,199,8.906366,23.37301533,59.51825067,28.22399533
2011,200,18.65800933,28.47895067,81.01636933,37.24829267
2011,201,11.18362933,25.031932,61.30482,25.787922
2011,202,19.69652733,32.97165667,69.796254,26.25804
2011,203,19.801948,33.790724,85.13581267,31.05497133
2011,204,17.547902,29.15158733,63.08106733,25.17218933
2011,205,17.89586267,29.44965133,69.11361067,34.61279533
2011,206,15.97018733,34.48949467,72.79683533,31.08753667
2011,207,10.39697867,27.29394533,59.76991,24.81206533
2011,208,7.084528,21.17949333,43.69146267,20.27826067
2011,209,7.801664667,20.03106867,40.64035867,19.855674
2011,210,10.29496133,17.84285133,39.70534467,22.09083467
2011,211,8.718647333,14.71108,35.01022133,23.14032333
2011,212,7.569754667,13.32671133,32.33566333,23.939598
2011,213,17.33156467,16.24205467,31.16637533,19.396806
2011,214,11.31575667,17.16953467,37.49497867,20.148188
2011,215,8.385604,13.81941267,37.788116,19.57978133
2011,216,5.968538,10.33856067,24.91105333,14.48023
2011,217,6.857108,11.40350067,28.805162,17.24208267
2011,218,8.369796,12.23754333,34.01829467,17.01479267
2011,219,10.21986867,11.89485267,31.916638,18.84599733
2011,220,9.043552667,11.82932933,34.003566,19.55901067
2011,221,16.74693,18.69883333,38.47963533,14.508252
2011,222,2.633824667,25.692844,45.94423933,6.300014
2011,223,5.050526667,31.59456667,49.567472,5.861894
2011,224,7.751212,38.22276933,41.39877733,17.21213067
2011,225,5.000206,30.767506,32.70392733,16.24241867
2011,226,7.481426667,30.76198867,31.235012,17.925674
2011,227,8.929812667,33.83608467,38.055242,25.36181667
2011,228,8.746807333,24.81520933,33.73074733,23.798548
2011,229,7.290024667,24.664806,41.22727267,33.25401867
2011,230,8.562964667,31.55234,34.22704667,24.68514933
2011,231,7.686987333,43.645448,36.49863,17.05433133
2011,232,12.63896933,55.01335133,43.872336,24.331966
2011,233,11.76335,60.867438,44.54898867,25.13356867
2011,234,9.38463,50.82355667,36.19196667,23.177926
2011,235,6.302945333,51.13882,32.72482467,18.02935067
2011,236,8.474994667,48.30840467,32.46313733,22.44570733
2011,237,9.861751333,39.906102,36.5791,32.245106
2011,238,7.936728,30.70833333,29.48622,37.39668333
2011,239,4.334262667,30.29560867,23.43310867,15.53990067
2011,240,5.831235333,53.79252933,35.66085533,13.01598067
2011,241,8.198199333,77.87012267,44.690482,13.38800733
2011,242,4.273579333,66.91421,33.83854733,7.748052
2011,243,3.066106,48.19157067,20.43641467,7.568416667
2011,244,4.131703333,46.949482,20.73133733,8.567058
2011,245,5.696527333,33.40379,20.11567933,15.1192
2012,1,0.979779333,26.14470533,9.603926667,2.289198667
2012,2,1.342251333,40.35318933,13.40415533,1.868241333
2012,3,2.160897333,30.236106,12.584564,3.868990667
2012,4,2.432420667,20.30564533,11.79958067,5.830668
2012,5,3.14195,23.42691133,13.53765267,7.758889333
2012,6,5.957283333,28.17328333,17.48467533,16.206404
2012,7,2.995538,34.70091867,18.68338467,3.823795333
2012,8,4.710388667,23.91652667,14.18547933,13.39307333
2012,9,7.295593333,32.07573267,19.62474067,16.584538
2012,10,6.352395333,37.87746467,19.520112,11.98324067
2012,11,6.024606,46.93277933,18.14686933,11.30041333
2012,12,12.243802,49.953722,22.86068267,15.35094933
2012,13,12.306936,34.84783933,20.42308867,22.23653267
2012,14,15.216604,35.123852,21.88708467,31.12674733
2012,15,16.79502067,44.85175333,23.392566,26.12048933
2012,16,20.88905667,61.34410933,27.68653867,30.319346
2012,17,27.64730533,76.53378533,34.67295933,42.99574333
2012,18,22.48822133,67.99363533,27.68092,28.67585933
2012,19,21.92086267,80.372376,28.40482067,20.529126
2012,20,24.97264,102.154032,34.00514133,22.29084133
2012,21,25.40235667,94.93829667,33.446524,23.27282533
2012,22,20.41271933,80.40607533,27.82348667,17.807624
2012,23,21.87767133,86.177202,31.56977733,19.070552
2012,24,24.23954333,66.376808,28.146488,22.53810867
2012,25,19.51837667,52.029408,28.451542,29.42462067
2012,26,25.556594,52.79140733,31.960584,54.25796733
2012,27,32.264678,66.94986,35.05255867,41.34956067
2012,28,36.62544933,78.31950267,38.22631067,47.58769267
2012,29,35.45880667,87.30251267,39.446058,37.34309133
2012,30,36.03439733,91.765082,43.41621267,35.982372
2012,31,41.95671133,87.84820267,49.53270733,56.994266
2012,32,44.39322933,88.94941733,49.03411533,50.22056867
2012,33,26.21200933,83.54132133,39.906738,22.074178
2012,34,22.96743667,110.9763307,50.62160533,25.90850933
2012,35,30.61456733,100.0663507,56.89281933,48.07111867
2012,36,27.99780267,97.58049133,48.06334733,26.88352933
2012,37,25.86133267,93.660176,42.55296133,24.03271333
2012,38,31.41022733,109.1597867,44.69808333,21.10380933
2012,39,40.204022,82.47281,46.98881733,43.07067733
2012,40,24.04339467,50.292174,35.58080333,33.626382
2012,41,23.71694267,55.29273333,43.20398333,42.26153267
2012,42,25.475442,67.92333133,51.06075467,28.27921
2012,43,15.72454667,63.25725467,46.228718,35.913614
2012,44,35.28795867,63.73774067,49.04461,42.001266
2012,45,23.97111933,55.46085,45.41427,29.22235733
2012,46,22.47712333,73.76827267,54.85771067,21.237876
2012,47,27.74439667,103.969364,77.88599267,30.32852867
2012,48,21.96407733,79.62429133,65.90990267,29.832034
2012,49,16.158518,60.304022,48.57025267,24.16206267
2012,50,18.08276333,59.11918867,47.43500933,21.81623533
2012,51,21.75435,61.55843533,55.47187133,27.48188733
2012,52,27.584564,44.6676,58.52746667,42.18554333
2012,53,23.712338,41.46752133,52.41319933,32.502792
2012,54,27.58602333,51.10553133,70.426968,43.550518
2012,55,23.79346933,44.69939533,63.540776,33.42066133
2012,56,23.29570133,32.92420467,44.26700333,32.68201067
2012,57,29.556018,39.53113133,62.74348933,43.85718533
2012,58,52.82252067,48.76864,68.117254,35.639994
2012,59,45.05077133,57.585692,75.40502667,35.935926
2012,60,43.55498,61.59201133,79.53265333,32.10777467
2012,61,29.80179533,55.72868267,64.48189733,18.658914
2012,62,20.135518,45.15189467,54.24935267,18.896294
2012,63,15.34237067,36.25744867,51.84171667,20.60884467
2012,64,26.294166,44.43663533,73.18436867,31.948052
2012,65,21.64969133,32.633136,64.821328,33.249898
2012,66,17.40234867,26.32415467,52.518528,31.083592
2012,67,36.53426733,38.03895267,60.73397333,29.08299933
2012,68,16.62849733,47.723462,78.80368067,22.51776133
2012,69,33.72609533,53.80013867,91.38101533,31.933816
2012,70,20.96500733,46.406544,83.70913067,28.21220867
2012,71,11.88519867,30.47909333,52.718818,16.618694
2012,72,11.61653133,32.057238,42.20951,10.32839133
2012,73,18.89164,35.44196067,65.94062467,23.173086
2012,74,21.346866,34.84640733,75.63908867,30.67322
2012,75,13.330852,28.88860667,62.952614,26.187758
2012,76,13.83422067,26.5757,46.93170933,18.61851667
2012,77,10.83416467,22.61181467,42.512644,14.81660467
2012,78,12.43839933,18.373884,44.191084,21.46187933
2012,79,10.57132267,15.58693667,49.051308,26.939664
2012,80,19.26831267,19.01414067,49.34107533,27.22307467
2012,81,22.14409,26.930334,62.65933467,27.55734667
2012,82,18.307782,28.97988667,64.937588,22.60229867
2012,83,10.027538,20.287212,49.85682933,17.80043733
2012,84,11.06221267,18.76922933,39.453262,14.63548467
2012,85,27.63060333,28.89750667,56.63049,21.00868667
2012,86,15.09217067,24.57090133,66.499478,24.683748
2012,87,12.324928,23.98741333,69.576268,26.31902133
2012,88,21.16115533,27.9664,58.022252,18.773628
2012,89,24.08132067,26.45408867,46.06379933,16.48475333
2012,90,20.63012333,26.154264,58.38247867,19.76259467
2012,91,15.66302867,21.998152,61.74708133,22.80641867
2012,92,17.344468,19.00533067,52.21049467,22.82417333
2012,93,16.889194,24.87799467,74.07121933,28.86839267
2012,94,12.84252933,19.85396467,50.364086,18.47420867
2012,95,11.44725733,16.77325333,50.90900733,23.44905067
2012,96,10.63643467,21.36781067,64.39787667,21.86538533
2012,97,17.05763733,17.926384,48.815042,21.09276933
2012,98,20.294018,17.861494,48.20182333,23.522224
2012,99,15.49542333,18.42667667,50.02181867,31.04035067
2012,100,60.336616,68.89175133,75.09326267,66.60640733
2012,101,61.80302867,66.289876,66.67670867,64.090318
2012,102,71.72648067,65.49256133,57.40347133,53.36285733
2012,103,72.00353467,77.74067067,59.96988,46.002074
2012,104,62.648188,78.07581267,68.754412,46.41313467
2012,105,56.01237867,78.75975467,71.963066,48.84165467
2012,106,57.10083,76.79469067,58.02936467,46.844478
2012,107,62.345216,81.053066,52.58946933,39.65607867
2012,108,86.80862267,95.65912467,73.35913,51.05997
2012,109,78.88452667,90.493186,78.062816,61.28559467
2012,110,71.53852,77.688014,67.79362867,54.03474667
2012,111,75.34099467,61.764148,50.832406,38.32897867
2012,112,82.34514933,61.93826933,58.970682,64.64472267
2012,113,107.5157113,84.96033067,109.32052,129.3729473
2012,114,88.71548333,66.213982,90.193066,112.9551787
2012,115,51.219038,43.73374933,55.293574,50.52335667
2012,116,44.87177867,25.87318667,31.961982,25.18336867
2012,117,55.73621733,26.77266467,35.570044,25.462568
2012,118,58.13075667,28.18785733,48.025036,59.28968333
2012,119,59.775054,24.36291733,43.7908,75.782908
2012,120,67.28611667,25.49329867,47.82582467,60.80174
2012,121,56.60453267,20.372992,39.68320733,35.50540067
2012,122,52.23175733,18.178838,35.29097067,22.378618
2012,123,43.00673333,20.32519267,38.21600933,26.16468733
2012,124,45.94594467,15.949614,37.20018733,25.27720933
2012,125,38.09414333,19.67610533,42.810372,28.689156
2012,126,45.44100467,23.10139,51.66719267,36.924142
2012,127,40.67757933,20.26795333,40.86186933,25.308284
2012,128,52.11156667,19.93274267,42.41489133,29.801782
2012,129,45.18947933,19.25439,44.529204,35.483864
2012,130,90.22631667,45.47470533,67.964672,59.32618533
2012,131,110.3358073,101.7477593,91.34085,92.23605933
2012,132,111.326,105.7672967,93.00289667,75.214764
2012,133,104.7015007,91.40315733,94.79432467,63.99995333
2012,134,110.16403,97.129404,109.3950987,70.318938
2012,135,99.857086,101.3388887,123.0127227,74.084742
2012,136,93.202612,89.08373933,106.3006767,69.53775733
2012,137,80.45709933,79.713306,84.81861133,53.45882467
2012,138,80.954896,76.45868267,77.64305067,46.30572333
2012,139,51.127586,38.00537267,57.91634133,56.95335933
2012,140,107.5415647,67.86480867,85.15745133,65.66356333
2012,141,91.97062867,64.39480467,71.01731867,53.14945733
2012,142,71.45606467,48.924778,54.28744533,41.87070533
2012,143,68.25323867,43.61408867,56.14962133,48.618908
2012,144,79.53408733,43.01067467,62.472796,69.91385067
2012,145,69.67988533,38.81562933,62.01050933,88.35918267
2012,146,62.06906333,28.93475733,50.27359533,66.304732
2012,147,80.67282133,30.983158,55.574674,57.82022667
2012,148,89.19594533,32.69056,72.43560667,62.94554267
2012,149,70.79868067,28.738274,68.16380933,46.211642
2012,150,49.89752133,22.84325933,60.19891067,42.817054
2012,151,45.34318733,21.37335,62.017264,38.12770667
2012,152,50.73289467,24.35024,69.26769933,36.69783533
2012,153,49.82624267,28.58311533,82.749158,44.96395667
2012,154,33.51702333,18.57318067,59.55057133,42.96424
2012,155,35.06590267,21.37391467,58.52208733,32.71377733
2012,156,37.10241,18.162472,53.78894067,27.914752
2012,157,53.063784,21.87719467,57.88836733,25.39747267
2012,158,33.21261067,22.899362,63.05751267,28.24274533
2012,159,16.33130467,12.594428,37.14567933,19.37537133
2012,160,17.19341267,13.852834,32.797314,16.214638
2012,161,16.84316133,13.78326667,34.55115667,17.184306
2012,162,21.898218,12.54610933,27.444668,13.13433267
2012,163,15.39747933,12.88303267,29.12103333,15.44656667
2012,164,15.07869467,11.132224,29.39191,18.007794
2012,165,24.60897467,13.6052,29.32959733,15.72052733
2012,166,29.67249067,14.11972867,38.00064733,20.70450933
2012,167,15.33278667,12.21548067,32.48553533,14.51168133
2012,168,17.62575867,12.85713067,36.69265,15.344308
2012,169,18.96427667,14.13766267,38.1471,16.60423267
2012,170,21.01077,18.04815267,57.60355533,18.37966267
2012,171,28.04096733,17.68139533,62.23552933,20.20995533
2012,172,15.71889933,14.46012667,38.83227,14.97791267
2012,173,8.440942,9.028802,39.94024667,16.94153333
2012,174,9.180671333,10.42554133,33.49920733,12.12069067
2012,175,6.234835333,8.72628,36.76096467,15.10476667
2012,176,7.299726,8.352852667,29.22181267,14.82455867
2012,177,6.889081333,8.995486,30.369542,13.060594
2012,178,15.63815467,8.902826,26.71272533,13.76527
2012,179,6.135814,6.412774,20.53637267,11.75089267
2012,180,5.236134,5.853636,21.97801133,11.384146
2012,181,4.373441333,4.797678,15.57002867,9.534212
2012,182,3.919668667,5.315164667,18.66097867,10.61270533
2012,183,6.054898667,5.260445333,19.10187467,11.37457333
2012,184,7.101853333,6.006082667,14.70772267,9.569236
2012,185,7.224278667,5.068502667,17.09080267,11.03940867
2012,186,5.655035333,4.695573333,12.97701533,9.141987333
2012,187,7.531527333,5.693691333,18.117282,10.78019267
2012,188,8.302224,5.682306,19.77747333,10.719636
2012,189,11.38878,6.430371333,16.732218,9.92192
2012,190,5.064063333,4.488833333,15.09931733,9.648195333
2012,191,7.878434667,6.521080667,17.388544,9.711247333
2012,192,7.876773333,7.417795333,21.82855133,10.52996267
2012,193,7.873797333,7.621730667,26.26148867,10.67926333
2012,194,3.054824667,4.394184667,15.35167867,8.171411333
2012,195,1.927536,3.024170667,11.07438933,7.443476667
2012,196,2.237498,4.787686,18.632448,8.577189333
2012,197,13.32091267,10.440868,36.40331,12.787674
2012,198,12.52450267,9.505256,38.55295733,14.07511867
2012,199,5.197124,6.647488,23.71065333,10.59634533
2012,200,5.003423333,5.840773333,19.53083933,8.968386
2012,201,5.706202667,7.955847333,20.955562,8.472148
2012,202,6.872882,8.631490667,34.85266333,13.29176467
2012,203,6.739554667,7.234578,31.68034867,12.99186
2012,204,3.793070667,5.610188667,18.00583533,9.782964667
2012,205,4.849112667,6.95668,19.91052533,9.580050667
2012,206,5.450246,7.731250667,19.663468,8.122646667
2012,207,2.940243333,5.304556,20.76409733,9.741216667
2012,208,3.018531333,4.931993333,21.52997467,10.08211533
2012,209,3.324233333,4.809146,16.11433067,8.465692667
2012,210,3.616159333,5.875134667,26.12581133,11.04045667
2012,211,4.619834,6.077368,29.99976467,10.17088667
2012,212,8.4,9.338317333,36.780314,11.84653733
2012,213,6.530140667,8.722522,38.697512,11.31072933
2012,214,7.062712,8.223731333,31.26786667,9.956558
2012,215,8.22684,9.584502667,36.58456267,11.37531933
2012,216,6.965869333,8.628427333,45.688092,14.107016
2012,217,6.187994,8.246504667,37.873832,11.61863867
2012,218,3.197893333,13.35013133,39.44208733,5.770754
2012,219,1.840042,16.713402,41.053862,4.79625
2012,220,2.70481,26.901076,45.24846867,2.429244667
2012,221,2.583956667,19.769838,32.919696,3.941004667
2012,222,2.413360667,9.022716,24.068726,6.362235333
2012,223,0.451672,6.632945333,15.619398,2.130986
2012,224,NA,6.619638667,25.18026333,7.105103333
2012,225,NA,5.031151333,24.03589867,6.878906667
2012,226,1.281155333,4.278878,22.78097,7.005466667
2012,227,1.549958667,4.369874667,22.84071733,7.929672
2012,228,NA,7.100445333,28.48481267,8.666537333
2012,229,NA,6.724964667,29.622894,12.47346933
2012,230,NA,7.218618667,30.75224133,11.43696733
2012,231,5.939816,11.53829267,27.51476467,7.275424
2012,232,5.928073333,13.00507,32.82751067,8.720980667
2012,233,4.471244,9.708994667,30.00386667,10.656742
2012,234,2.485636,7.831620667,25.16474067,9.909016667
2012,235,2.790689333,9.050527333,20.23502267,7.912944667
2012,236,3.846298667,11.29066067,25.13933467,9.186322
2012,237,4.627542,10.16745133,27.94720733,10.76365467
2012,238,0.730602667,6.525726667,19.50522333,5.039602
2012,239,2.483394667,19.08616267,34.52239467,3.646964
2012,240,3.215148,43.78035467,54.252774,2.753561333
2012,241,1.759631333,20.60328333,28.41650133,2.534779333
2012,242,1.058442,13.57557267,21.65526467,4.332578667
2012,243,1.048403333,12.31342267,22.08214333,8.067390667
2012,244,2.494300667,12.16055533,22.963264,11.49047333
2012,245,3.117624,10.05451067,23.90388067,15.55403
